"product_name","product_price","product_price_range","product_type","product_body","product_variety","product_country","product_region","product_size","product_vintage","product_closure","product_seller","product_rating"
"2024 M&J Becker Wines Hunter Valley Chardonnay","Sale price
$32.00","$31 to $40","White","Body","Chardonnay","Australia","Hunter Valley","750ml","2024","Cork","Hunter Valley",""
"2024 Mercer Wines Chardonnay","Sale price
$28.00","$30 or Less","White","Body","Chardonnay","Australia","Hunter Valley","13%","750ml","2024","Hunter Valley",""
"2024 Mercer Wines PF Pinot Gris","Sale price
$24.00","$30 or Less","White","Body","Pinot Gris/Grigio","Australia","Hilltops","750ml","2024","Screw Cap","Hilltops",""
"2023 Mercer Wines Montepulciano","Sale price
$32.00","$31 to $40","","Body","Montepulciano","Australia","Central Ranges","Halliday Wine Companion","92","14%","Central Ranges",""
"2023 Express Winemakers Drinking Wine Red","Sale price
$28.00","$30 or Less","","Body","Shiraz","Australia","Great Southern","Natural/Lo-Fi","750ml","2023","Great Southern",""
"2024 Mitchell Watervale Riesling","Sale price
$20.00","$30 or Less","White","Body","Riesling","","","SA","High Score","James Suckling
Wine Pilot
The Real Review
The Wine Front
Halliday Wine Companion","Clare Valley",""
"Discover Unico Zelo Wines Pack","Sale price
$135.00","$30 or Less","","Australian State","","","","","","","",""
"2025 Mercer Wines Bianco Vermentino","Sale price
$29.00","$30 or Less","White","Body","Vermentino","Australia","Hunter Valley","750ml","2025","Screw Cap","Hunter Valley",""
"2025 Nick Spencer Gundagai Rose","Sale price
$26.00","$30 or Less","Rosé","Body","Grenache","","","NSW","The Wine Front","93","Gundagai",""
"Garagiste Wines Masterclass Pack","Sale price
$249.00","$41 to $50","","Region","","","","","","","Mornington Peninsula",""
"2023 Head Old Vine Grenache","Sale price
$39.00","$31 to $40","","Body","Grenache","Australia","Barossa Valley","The Vintage Journal","96","14%","Barossa Valley",""
"2022 Scarborough Yellow Label Chardonnay","Sale price
$23.00","$30 or Less","White","Body","Chardonnay","Australia","Hunter Valley","Wine Pilot","90","13%","Hunter Valley",""
"Discover Gentle Folk Wines Pack","Sale price
$219.00","Australia","Adelaide Hills","Australian State","","","","","","","Adelaide Hills",""
"2024 Chatto Lutruwita Pinot Noir","Sale price
$44.00","$41 to $50","","Body","Pinot Noir","Australia","Tasmania","The Real Review","94","13%","Tasmania",""
"2022 Head Red GSM","Sale price
$25.00","$30 or Less","","Body","Grenache","","","SA","Halliday Wine Companion","93","Barossa Valley",""
"2024 The Other Wine Co Sangiovese","Sale price
$28.00","$30 or Less","","Body","Sangiovese","Australia","Adelaide Hills","750ml","2024","Screw Cap","Adelaide Hills",""
"2024 Dominique Portet Fontaine Cabernets","Sale price
$28.00","$30 or Less","","Body","Cabernet Sauvignon","","","VIC","Halliday Wine Companion","95","Yarra Valley",""
"2024 Mercer Wines PF Fizz","Sale price
$24.00","$30 or Less","Sparkling","Sub Type","","Chardonnay","","NSW","Vegan
Low Preservative","12%","Central Ranges",""
"2024 Fighting Gully Road Sangiovese","Sale price
$35.00","$31 to $40","","Body","Sangiovese","Australia","Beechworth","High Score","Halliday Wine Companion","96","Beechworth",""
"2023 Jean Foillard Morgon Cote du Py","Sale price
$99.00","$101 and Above","","Body","Gamay","France","Beaujolais","Vinous","94","750ml","Beaujolais",""
"2024 Giant Steps Yarra Valley Pinot Noir","Sale price
$38.00","$31 to $40","","Body","Pinot Noir","Australia","Yarra Valley","Women in Wine
High Score","Halliday Wine Companion
The Wine Front","95
93","Yarra Valley",""
"2023 Dune The Empty Quarter GSM","Sale price
$25.00","$30 or Less","","Body","Grenache","","","SA","The Wine Front
Halliday Wine Companion","94
95","McLaren Vale",""
"2024 Tar & Roses Pinot Grigio","Sale price
$20.00","$30 or Less","White","Body","Pinot Gris/Grigio","Australia","King Valley","Women in Wine","Halliday Wine Companion","96","King Valley",""
"2024 Cirillo Vincent Grenache","Sale price
$23.00","$30 or Less","","Body","Grenache","Australia","Barossa Valley","750ml","2024","Screw Cap","Barossa Valley",""
"2024 Garagiste Le Stagiaire Pinot Noir","Sale price
$29.00","$31 to $40","","Body","Pinot Noir","Australia","Mornington Peninsula","High Score","The Wine Front
Halliday Wine Companion","94
95","Mornington Peninsula",""
"2024 Thistledown Sands of Time Grenache","Sale price
$85.00","$51 to $100","","Body","Grenache","Australia","McLaren Vale","High Score
Vegan","The Wine Advocate
The Real Review
The Wine Front
Halliday Wine Companion
James Suckling","98
97
95","McLaren Vale",""
"2025 Shaw + Smith Sauvignon Blanc","Sale price
$29.00","$30 or Less","White","Body","Sauvignon Blanc","Australia","Adelaide Hills","The Wine Front
Wine Pilot","92","12%","Adelaide Hills",""
"2023 Envinate Palo Blanco","Sale price
$85.00","$51 to $100","White","Body","","Spain","","98","11.5%","750ml","Tenerife",""
"2024 Gentle Folk Sangiovese","Sale price
$40.00","$41 to $50","","Body","Sangiovese","Australia","Adelaide Hills","Halliday Wine Companion
The Wine Front
James Suckling","93
94","13%","Adelaide Hills",""
"2024 Elanto Vineyard Chardonnay","Sale price
$82.00","$51 to $100","White","Body","Chardonnay","Australia","Mornington Peninsula","High Score","Halliday Wine Companion","96","Mornington Peninsula",""
"2024 Stargazer Chardonnay","Sale price
$70.00","$51 to $100","White","Body","Chardonnay","Australia","Tasmania","Women in Wine","Halliday Wine Companion","96","Tasmania",""
"NV Bandini Prosecco","Sale price
$20.00","$30 or Less","Sparkling","Body","","Italy","Veneto","750ml","Cork","","Veneto",""
"2024 Wickhams Road Yarra Valley Chardonnay","Sale price
$20.00","$30 or Less","White","Body","Chardonnay","Australia","Gippsland","94
92
91","13%","750ml","Gippsland",""
"2024 Gentle Folk Chardonnay","Sale price
$45.00","$41 to $50","White","Body","Chardonnay","Australia","Adelaide Hills","The Wine Front
James Suckling","94","13%","Adelaide Hills",""
"2018 Cirillo 1850 Ancestor Vine Grenache","Sale price
$70.00","$51 to $100","","Body","Grenache","Australia","Barossa Valley","Iconic
High Score","Halliday Wine Companion
The Vintage Journal","97","Barossa Valley",""
"2023 Dune Blewitt Springs Shiraz","Sale price
$25.00","$30 or Less","","Body","Shiraz","Australia","McLaren Vale","High Score","Halliday Wine Companion
The Wine Front","95
93","McLaren Vale",""
"2024 Dog Point Sauvignon Blanc","Sale price
$27.00","$30 or Less","White","Body","Sauvignon Blanc","New Zealand","Marlborough","Halliday Wine Companion","97
94","13.5%","Marlborough",""
"2024 Giant Steps Applejack Vineyard Pinot Noir","Sale price
$100.00","$101 and Above","","Body","Pinot Noir","Australia","Yarra Valley","Women in Wine
High Score","Halliday Wine Companion
The Wine Front","750ml","Yarra Valley",""
"2024 Stefano Lubiana Primavera Pinot Noir","Sale price
$42.00","$41 to $50","","Body","Pinot Noir","Australia","","13%","750ml","2024","Derwent Valley",""
"MV Deviation Road Altair Sparkling Rosé","Sale price
$33.00","$31 to $40","Sparkling","Sub Type","Pinot Noir","Australia","Adelaide Hills","High Score
Women in Wine","Halliday Wine Companion","95
96","Adelaide Hills",""
"2024 Bondar Junto GSM","Sale price
$30.00","$31 to $40","","Body","Grenache","","","SA","The Wine Front
Halliday Wine Companion","90
95","McLaren Vale",""
"2023 Domaine Naturaliste Floris Chardonnay","Sale price
$32.00","$31 to $40","White","Body","Chardonnay","Australia","Margaret River","High Score","Halliday Wine Companion
Wine Pilot
The Weekend Australian","95
94","Margaret River",""
"2024 Timo Mayer Close Planted Pinot Noir","Sale price
$58.00","$51 to $100","","Body","Pinot Noir","Australia","Yarra Valley","Cult
Natural/Lo-Fi","Halliday Wine Companion
The Wine Front","94
96","Yarra Valley",""
"2023 BK Gower Pinot Noir","Sale price
$55.00","$51 to $100","","Body","Pinot Noir","Australia","Adelaide Hills","James Suckling","94","750ml","Adelaide Hills",""
"2022 Unico Zelo Esoterico","Sale price
$24.00","$30 or Less","Amber","Body","","Australia","Riverland","Natural/Lo-Fi
Vegan
Women in Wine","10%","750ml","Riverland",""
"2023 Domaine Naturaliste Artus Chardonnay","Sale price
$55.00","$51 to $100","White","Body","Chardonnay","Australia","Margaret River","High Score","Halliday Wine Companion
Wine Pilot
The Wine Advocate
The Wine Front","95
96","Margaret River",""
"2024 Voyager Chenin Blanc","Sale price
$27.00","White","Chenin Blanc","Country","Margaret River","","","95
94","750ml","2024","Margaret River",""
"2025 Helm Premium Riesling","Sale price
$55.00","$51 to $100","White","Body","Riesling","Australia","Canberra","The Wine Front","96","11%","Canberra",""
"2024 Cirillo Vincent Grenache","Sale price
$23.00","$30 or Less","","Body","Grenache","Australia","Barossa Valley","750ml","2024","Screw Cap","Barossa Valley",""
"2024 Giant Steps Yarra Valley Pinot Noir","Sale price
$38.00","$31 to $40","","Body","Pinot Noir","Australia","Yarra Valley","Women in Wine
High Score","Halliday Wine Companion
The Wine Front","95
93","Yarra Valley",""
"2023 Jean Foillard Morgon Cote du Py","Sale price
$99.00","$101 and Above","","Body","Gamay","France","Beaujolais","Vinous","94","750ml","Beaujolais",""
"2024 Fighting Gully Road Sangiovese","Sale price
$35.00","$31 to $40","","Body","Sangiovese","Australia","Beechworth","High Score","Halliday Wine Companion","96","Beechworth",""
"2024 Dominique Portet Fontaine Cabernets","Sale price
$28.00","$30 or Less","","Body","Cabernet Sauvignon","","","VIC","Halliday Wine Companion","95","Yarra Valley",""
"2024 Chatto Lutruwita Pinot Noir","Sale price
$44.00","$41 to $50","","Body","Pinot Noir","Australia","Tasmania","The Real Review","94","13%","Tasmania",""
"Discover Gentle Folk Wines Pack","Sale price
$219.00","Australia","Adelaide Hills","Australian State","","","","","","","Adelaide Hills",""
"2023 Head Old Vine Grenache","Sale price
$39.00","$31 to $40","","Body","Grenache","Australia","Barossa Valley","The Vintage Journal","96","14%","Barossa Valley",""
"2025 Nick Spencer Gundagai Rose","Sale price
$26.00","$30 or Less","Rosé","Body","Grenache","","","NSW","The Wine Front","93","Gundagai",""
"2025 Mercer Wines Bianco Vermentino","Sale price
$29.00","$30 or Less","White","Body","Vermentino","Australia","Hunter Valley","750ml","2025","Screw Cap","Hunter Valley",""
"2022 S.C. Pannell Sunrise 99 Grenache","Sale price
$250.00","$101 and Above","","Body","Grenache","Australia","McLaren Vale","James Suckling
The Wine Front
Halliday Wine Companion
The Wine Advocate","100","14.5%","McLaren Vale",""
"2024 Bondar Rayner Vineyard Grenache","Sale price
$38.00","$41 to $50","","Body","Grenache","Australia","McLaren Vale","High Score","The Wine Front
James Suckling
Halliday Wine Companion","94
95
96","McLaren Vale",""
"2023 In Praise Of Shadows Grenache","Sale price
$27.00","$30 or Less","","Body","Grenache","Australia","McLaren Vale","Halliday Wine Companion
The Wine Front","94
93","750ml","McLaren Vale",""
"2023 Bubb + Pooley Pinot Noir","Sale price
$65.00","$51 to $100","","Body","Pinot Noir","Australia","Tasmania","Women in Wine
High Score","The Wine Front
Halliday Wine Companion","95
96","Tasmania",""
"2022 Forest Hill Estate Cabernet Sauvignon","Sale price
$25.00","$30 or Less","","Body","Cabernet Sauvignon","Australia","Great Southern","High Score","Halliday Wine Companion
Ray Jordan","96
95","Great Southern",""
"2023 Van Higgins Free Ball Grenache Cinsault","Sale price
$39.00","$31 to $40","","Body","Grenache","","","SA","Organic","The Wine Front","McLaren Vale",""
"2024 Shaw + Smith M3 Chardonnay","Sale price
$50.00","$51 to $100","White","Body","Chardonnay","Australia","Adelaide Hills","The Wine Advocate","93","750ml","Adelaide Hills",""
"2025 Ochota Barrels Texture Like Sun Sector 12","Sale price
$40.00","$31 to $40","","Body","Pinot Noir","Australia","Adelaide Hills","Cult
Organic
Women in Wine
Natural/Lo-Fi","James Suckling","93","Adelaide Hills",""
"2024 Riposte The Dagger Pinot Noir","Sale price
$20.00","$30 or Less","","Body","Pinot Noir","Australia","Adelaide Hills","Halliday Wine Companion
The Wine Advocate","91
94","13%","Adelaide Hills",""
"2025 Stargazer Tupelo","Sale price
$37.00","$31 to $40","White","Body","Riesling","Australia","Tasmania","Women in Wine","750ml","2025","Tasmania",""
"2024 Yangarra Circle Rose","Sale price
$24.00","$30 or Less","Rosé","Body","Grenache","Australia","McLaren Vale","Organic
Biodynamic
High Score","Halliday Wine Companion","95","McLaren Vale",""
"2024 Joshua Cooper Balgownie Vineyard 1970 Block Cabernet Sauvignon","Sale price
$95.00","$51 to $100","","Body","Cabernet Sauvignon","Australia","Bendigo","The Wine Front","96","13.5%","Bendigo",""
"2021 S.C. Pannell Tempranillo Touriga","Sale price
$28.00","$30 or Less","","Body","Tempranillo","Australia","McLaren Vale","The Real Review
Halliday Wine Companion","95
92","14%","McLaren Vale",""
"2024 Lambert Chardonnay","Sale price
$36.00","$41 to $50","White","Body","Chardonnay","Australia","Yarra Valley","Cult","750ml","2024","Yarra Valley",""
"2024 Oliver's Taranga Small Batch Grenache","Sale price
$30.00","$31 to $40","","Body","Grenache","Australia","McLaren Vale","Women in Wine","Wine Pilot
The Wine Front
Halliday Wine Companion
The Real Review","93
92","McLaren Vale",""
"2025 Coriole Fiano","Sale price
$25.00","$30 or Less","White","Body","Fiano","Australia","McLaren Vale","750ml","2025","Screw Cap","McLaren Vale",""
"2023 Vanguardist Grenache","Sale price
$70.00","$51 to $100","","Body","Grenache","Australia","McLaren Vale","High Score","The Wine Front
Halliday Wine Companion
James Suckling","97
94","McLaren Vale",""
"2022 John Duval Entity Barossa Shiraz","Sale price
$45.00","$51 to $100","","Body","Shiraz","Australia","Barossa Valley","High Score","Halliday Wine Companion
The Real Review
James Suckling
Decanter
The Wine Front","96
94
95","Barossa Valley",""
"2024 Vickery Eden Valley Riesling","Sale price
$20.00","$30 or Less","White","Body","Riesling","","","SA","High Score","The Wine Front
Wine Pilot
Halliday Wine Companion","Eden Valley",""
"2023 Ahi Ka Sauvignon Blanc","Sale price
$24.00","$30 or Less","White","Body","Sauvignon Blanc","New Zealand","Marlborough","The Real Review","95","750ml","Marlborough",""
"NV Josef Chromy Sparkling","Sale price
$28.00","$30 or Less","Sparkling","Variety","","Tasmania","","750ml","Cork","","Tasmania",""
"2024 Two Tonne Tasmania TMV Pinot Noir","Sale price
$35.00","$31 to $40","","Body","Pinot Noir","Australia","Tasmania","Wine Pilot","91","750ml","Tasmania",""
"2023 Deep Woods Estate Reserve Chardonnay","Sale price
$77.00","$51 to $100","White","Body","Chardonnay","Australia","Margaret River","High Score","The Wine Front
The Wine Advocate
James Suckling
Ray Jordan","97
96
95
98","Margaret River",""
"2022 Yangarra Estate Shiraz","Sale price
$30.00","$30 or Less","","Body","Shiraz","Australia","McLaren Vale","Organic
Biodynamic
High Score","Halliday Wine Companion
The Real Review
Wine Pilot","95
93
94","McLaren Vale",""
"2025 Mercer Wines Bianco Vermentino","Sale price
$29.00","$30 or Less","White","Body","Vermentino","Australia","Hunter Valley","750ml","2025","Screw Cap","Hunter Valley",""
"2025 Nick Spencer Gundagai Rose","Sale price
$26.00","$30 or Less","Rosé","Body","Grenache","","","NSW","The Wine Front","93","Gundagai",""
"2024 Dominique Portet Fontaine Cabernets","Sale price
$28.00","$30 or Less","","Body","Cabernet Sauvignon","","","VIC","Halliday Wine Companion","95","Yarra Valley",""
"2024 Fighting Gully Road Sangiovese","Sale price
$35.00","$31 to $40","","Body","Sangiovese","Australia","Beechworth","High Score","Halliday Wine Companion","96","Beechworth",""
"2023 Jean Foillard Morgon Cote du Py","Sale price
$99.00","$101 and Above","","Body","Gamay","France","Beaujolais","Vinous","94","750ml","Beaujolais",""
"2024 Giant Steps Yarra Valley Pinot Noir","Sale price
$38.00","$31 to $40","","Body","Pinot Noir","Australia","Yarra Valley","Women in Wine
High Score","Halliday Wine Companion
The Wine Front","95
93","Yarra Valley",""
"2024 Cirillo Vincent Grenache","Sale price
$23.00","$30 or Less","","Body","Grenache","Australia","Barossa Valley","750ml","2024","Screw Cap","Barossa Valley",""
"2025 Helm Premium Riesling","Sale price
$55.00","$51 to $100","White","Body","Riesling","Australia","Canberra","The Wine Front","96","11%","Canberra",""
"2024 Voyager Chenin Blanc","Sale price
$27.00","White","Chenin Blanc","Country","Margaret River","","","95
94","750ml","2024","Margaret River",""
"2023 Domaine Naturaliste Artus Chardonnay","Sale price
$55.00","$51 to $100","White","Body","Chardonnay","Australia","Margaret River","High Score","Halliday Wine Companion
Wine Pilot
The Wine Advocate
The Wine Front","95
96","Margaret River",""
"2024 Xavier Goodridge Pa Pa Pinot Noir","Sale price
$28.00","$31 to $40","","Body","Pinot Noir","Australia","","92","750ml","2024","",""
"2024 Hoddles Creek 1er Yarra Valley Chardonnay","Sale price
$65.00","$51 to $100","White","Body","Chardonnay","Australia","Yarra Valley","High Score","The Wine Front","95","Yarra Valley",""
"2025 Ochota Barrels Botanicals of the Basket Range","Sale price
$45.00","$41 to $50","Amber","Body","","Adelaide Hills","","James Suckling","94","750ml","Adelaide Hills",""
"2022 Yarra Yering Dry Red No. 1","Sale price
$150.00","","","","","","","","","","Yarra Valley",""
"2025 Clonakilla Riesling","Sale price
$33.00","$31 to $40","White","Body","Riesling","","","NSW","High Score","The Wine Front
The Real Review
Halliday Wine Companion","Canberra",""
"2023 Domaine Louis Moreau Chablis","Sale price
$50.00","$41 to $50","White","Body","Chardonnay","France","Chablis","2023","Cork","","Chablis",""
"2024 Yangarra Circle Grenache","Sale price
$24.00","$30 or Less","","Body","Grenache","Australia","McLaren Vale","Organic
Biodynamic
High Score","Halliday Wine Companion","95","McLaren Vale",""
"2022 Sato La Ferme de Sato Sur les Nuages Pinot Noir","Sale price
$75.00","$51 to $100","","Body","Pinot Noir","New Zealand","Central Otago","James Suckling","97","750ml","Central Otago",""
"2024 Man O'War Exiled Pinot Gris","Sale price
$33.00","$31 to $40","White","Body","","New Zealand","","750ml","2024","Screw Cap","Waiheke Island",""
"2024 Nanny Goat Vineyard Central Otago Pinot Noir","Sale price
$35.00","$31 to $40","","Body","Pinot Noir","New Zealand","Central Otago","750ml","2024","Screw Cap","Central Otago",""
"2022 S.C. Pannell Basso Grenache","Sale price
$27.00","$30 or Less","","Body","Grenache","Australia","McLaren Vale","Halliday Wine Companion","92","750ml","McLaren Vale",""
"2025 Ochota Barrels Mark of Cain Pinot Meunier","Sale price
$45.00","$41 to $50","","Body","Pinot Meunier","Australia","Adelaide Hills","Cult
Organic
Women in Wine
Natural/Lo-Fi","James Suckling","95","Adelaide Hills",""
"2024 Frankland Estate Riesling","Sale price
$30.00","$31 to $40","White","Body","Riesling","Australia","Great Southern","Organic","James Suckling","92","Great Southern",""
"2024 Willunga 100 Grenache","Sale price
$29.00","$30 or Less","","Body","Grenache","Australia","McLaren Vale","Women in Wine","Halliday Wine Companion
The Wine Front","93","McLaren Vale",""
"2024 Garagiste Le Stagiaire Chardonnay","Sale price
$33.00","$31 to $40","White","Body","Chardonnay","Australia","Mornington Peninsula","High Score","The Wine Front
Halliday Wine Companion","94
95","Mornington Peninsula",""
"Discover Mordrelle Wines Pack","Sale price
$219.00","$31 to $40","","","","","","","","","",""
"2024 Unico Zelo Jade & Jasper Fiano","Sale price
$23.00","$30 or Less","White","Body","Fiano","Australia","Riverland","Women in Wine","750ml","2024","Riverland",""
"2023 Clonakilla Hilltops Shiraz","Sale price
$28.00","$30 or Less","","Body","Shiraz","Australia","Hilltops","Iconic","The Wine Front
Halliday Wine Companion
The Wine Advocate","93
91
92","Hilltops",""
"2023 Bodega Garzon Albarino Reserva","Sale price
$33.00","$31 to $40","White","Body","Albarino","Uruguay","","2023","Screw Cap","","Maldonado",""
"2024 Nick O'Leary Riesling","Sale price
$25.00","$30 or Less","White","Body","Riesling","Australia","Canberra","Trophy Winner
High Score","Halliday Wine Companion","96
95","Canberra",""
"2021 Bests Great Western Cabernet Sauvignon","Sale price
$22.00","$30 or Less","","Body","Cabernet Sauvignon","Australia","","High Score","Halliday Wine Companion
The Real Review
James Suckling
The Wine Advocate","95
92
91","Great Western",""
"2025 Oliver's Taranga Small Batch Fiano","Sale price
$24.00","$30 or Less","White","Body","Fiano","Australia","McLaren Vale","Women in Wine
High Score","Halliday Wine Companion","95","McLaren Vale",""
"2024 Lambert Crudo Shiraz","Sale price
$30.00","$30 or Less","","Body","Shiraz","Australia","","14%","750ml","2024","",""
"2023 Vasse Felix Chardonnay","Sale price
$36.00","$41 to $50","White","Body","Chardonnay","Australia","Margaret River","The Real Review
James Suckling
The Wine Front","94","13%","Margaret River",""
"2023 Domaine Naturaliste Artus Chardonnay","Sale price
$55.00","$51 to $100","White","Body","Chardonnay","Australia","Margaret River","High Score","Halliday Wine Companion
Wine Pilot
The Wine Advocate
The Wine Front","95
96","Margaret River",""
"2024 Voyager Chenin Blanc","Sale price
$27.00","White","Chenin Blanc","Country","Margaret River","","","95
94","750ml","2024","Margaret River",""
"2025 Helm Premium Riesling","Sale price
$55.00","$51 to $100","White","Body","Riesling","Australia","Canberra","The Wine Front","96","11%","Canberra",""
"2024 Cirillo Vincent Grenache","Sale price
$23.00","$30 or Less","","Body","Grenache","Australia","Barossa Valley","750ml","2024","Screw Cap","Barossa Valley",""
"2024 Giant Steps Yarra Valley Pinot Noir","Sale price
$38.00","$31 to $40","","Body","Pinot Noir","Australia","Yarra Valley","Women in Wine
High Score","Halliday Wine Companion
The Wine Front","95
93","Yarra Valley",""
"2023 Jean Foillard Morgon Cote du Py","Sale price
$99.00","$101 and Above","","Body","Gamay","France","Beaujolais","Vinous","94","750ml","Beaujolais",""
"2024 Fighting Gully Road Sangiovese","Sale price
$35.00","$31 to $40","","Body","Sangiovese","Australia","Beechworth","High Score","Halliday Wine Companion","96","Beechworth",""
"2024 Dominique Portet Fontaine Cabernets","Sale price
$28.00","$30 or Less","","Body","Cabernet Sauvignon","","","VIC","Halliday Wine Companion","95","Yarra Valley",""
"2025 Nick Spencer Gundagai Rose","Sale price
$26.00","$30 or Less","Rosé","Body","Grenache","","","NSW","The Wine Front","93","Gundagai",""
"2025 Mercer Wines Bianco Vermentino","Sale price
$29.00","$30 or Less","White","Body","Vermentino","Australia","Hunter Valley","750ml","2025","Screw Cap","Hunter Valley",""
"2023 Clonakilla Shiraz Viognier","Sale price
$125.00","$101 and Above","","Body","Shiraz","Australia","Canberra","High Score
Iconic","The Real Review
Halliday Wine Companion
The Wine Front
Wine Pilot
The Weekend Australian
James Suckling
The Wine Advocate","96
95
98
97","Canberra",""
"2024 Shaw + Smith Riesling","Sale price
$35.00","$31 to $40","White","Body","Riesling","Australia","Adelaide Hills","Vegan","The Wine Front
Halliday Wine Companion
The Real Review
The Wine Advocate
Wine Pilot
James Suckling","95
93
92","Adelaide Hills",""
"2023 Domaine Naturaliste Rebus Cabernet Sauvignon","Sale price
$35.00","$31 to $40","","Body","Cabernet Sauvignon","Australia","Margaret River","The Wine Front","93
94","14%","Margaret River",""
"2024 Dune Tirari","Sale price
$24.00","$30 or Less","","Body","Negroamaro","Australia","McLaren Vale","750ml","2024","Screw Cap","McLaren Vale",""
"2024 Small Island Riesling","Sale price
$38.00","$31 to $40","White","Body","Riesling","Australia","","Halliday Wine Companion","92","12.5%","Derwent Valley",""
"2023 La Crema Monterey Chardonnay","Sale price
$35.00","$31 to $40","White","Body","Chardonnay","USA","","2023","Cork","","Monterey",""
"2025 Blind Corner Orange in Colour","Sale price
$24.00","$30 or Less","Amber","Body","","Margaret River","","12%","750ml","2025","Margaret River",""
"2022 Spinifex Esprit","Sale price
$33.00","$31 to $40","","Body","Grenache","","","SA","James Suckling
The Wine Front
Halliday Wine Companion","93
92
94","Barossa Valley",""
"2024 Ravensworth Barbera & Nebbiolo","Sale price
$29.00","$31 to $40","","Body","Nebbiolo","Australia","Hilltops","The Wine Front","92","750ml","Hilltops",""
"2022 Yarra Yering Dry Red No.3","Sale price
$100.00","$101 and Above","","Body","Touriga","Australia","Yarra Valley","High Score
Iconic
Women in Wine","Halliday Wine Companion
The Wine Front","98
95","Yarra Valley",""
"2024 Ashton Hills Piccadilly Valley Pinot Noir","Sale price
$40.00","$31 to $40","","Body","Pinot Noir","Australia","Adelaide Hills","Halliday Wine Companion
James Suckling","95","750ml","Adelaide Hills",""
"2024 L.A.S. Vino Between the Capes Chardonnay","Sale price
$49.00","$51 to $100","White","Body","Chardonnay","Australia","Margaret River","750ml","2024","","Margaret River",""
"2023 Gilbert Pinot Noir","Sale price
$35.00","$31 to $40","","Body","Pinot Noir","Australia","Orange","The Wine Front","94","13%","Orange",""
"2022 First Foot Forward Cabernet Sauvignon","Sale price
$32.00","$31 to $40","","Body","Cabernet Sauvignon","Australia","Yarra Valley","High Score","Halliday Wine Companion","96","Yarra Valley",""
"2024 Sentio Gamay","Sale price
$38.00","$31 to $40","","Body","Gamay","Australia","King Valley","Halliday Wine Companion","94","13%","King Valley",""
"2024 Holm Oak Pinot Noir","Sale price
$33.00","$31 to $40","","Body","Pinot Noir","Australia","Tasmania","Women in Wine","Wine Pilot","95","Tasmania",""
"2021 Blue Poles Allouran Merlot Cabernet Franc","Sale price
$38.00","$31 to $40","","Body","Merlot","Australia","Margaret River","The Wine Front","94","13%","Margaret River",""
"2021 Apogee Deluxe Vintage Brut","Sale price
$60.00","$51 to $100","Sparkling","Country","Tasmania","","","12%","750ml","2021","Tasmania",""
"2023 Dalrymple Pinot Noir","Sale price
$40.00","$31 to $40","","Body","Pinot Noir","Australia","Pipers River","13%","750ml","2023","Pipers River",""
"2024 Ghost Rock Supernatural Summer Skins","Sale price
$28.00","$30 or Less","Amber","Body","Pinot Gris/Grigio","Australia","Tasmania","Women in Wine","750ml","2024","Tasmania",""
"2024 Gentle Folk Sauvignon Blanc","Sale price
$30.00","$31 to $40","White","Variety","","Adelaide Hills","","96
94","13%","750ml","Adelaide Hills",""
"2022 Woods Crampton White Label Barossa Shiraz","Sale price
$20.00","$30 or Less","","Body","Shiraz","Australia","Barossa Valley","750ml","2022","Screw Cap","Barossa Valley",""
"2023 Unico Zelo Pollen Gewurztraminer","Sale price
$24.00","$30 or Less","White","Body","","Australia","Clare Valley","Women in Wine","750ml","2023","Clare Valley",""
"2023 Express Winemakers Chenin Blanc","Sale price
$33.00","$31 to $40","White","Body","Chenin Blanc","Australia","Great Southern","13%","750ml","2023","Great Southern",""
"2025 Mercer Wines Bianco Vermentino","Sale price
$29.00","$30 or Less","White","Body","Vermentino","Australia","Hunter Valley","750ml","2025","Screw Cap","Hunter Valley",""
"2025 Nick Spencer Gundagai Rose","Sale price
$26.00","$30 or Less","Rosé","Body","Grenache","","","NSW","The Wine Front","93","Gundagai",""
"2024 Dominique Portet Fontaine Cabernets","Sale price
$28.00","$30 or Less","","Body","Cabernet Sauvignon","","","VIC","Halliday Wine Companion","95","Yarra Valley",""
"2024 Fighting Gully Road Sangiovese","Sale price
$35.00","$31 to $40","","Body","Sangiovese","Australia","Beechworth","High Score","Halliday Wine Companion","96","Beechworth",""
"2023 Jean Foillard Morgon Cote du Py","Sale price
$99.00","$101 and Above","","Body","Gamay","France","Beaujolais","Vinous","94","750ml","Beaujolais",""
"2024 Giant Steps Yarra Valley Pinot Noir","Sale price
$38.00","$31 to $40","","Body","Pinot Noir","Australia","Yarra Valley","Women in Wine
High Score","Halliday Wine Companion
The Wine Front","95
93","Yarra Valley",""
"2024 Cirillo Vincent Grenache","Sale price
$23.00","$30 or Less","","Body","Grenache","Australia","Barossa Valley","750ml","2024","Screw Cap","Barossa Valley",""
"2025 Helm Premium Riesling","Sale price
$55.00","$51 to $100","White","Body","Riesling","Australia","Canberra","The Wine Front","96","11%","Canberra",""
"2024 Voyager Chenin Blanc","Sale price
$27.00","White","Chenin Blanc","Country","Margaret River","","","95
94","750ml","2024","Margaret River",""
"2025 Oliver's Taranga Small Batch Fiano","Sale price
$24.00","$30 or Less","White","Body","Fiano","Australia","McLaren Vale","Women in Wine
High Score","Halliday Wine Companion","95","McLaren Vale",""
"2021 Tim Adams Shiraz","Sale price
$22.00","$30 or Less","","Body","Shiraz","Australia","Clare Valley","13","2021","Screw Cap","Clare Valley",""
"2022 Louis Jadot Bourgogne Aligote","Sale price
$40.00","$31 to $40","White","Body","Aligote","France","Burgundy","2022","Cork","","Burgundy",""
"2024 TarraWarra Estate Chardonnay","Sale price
$29.00","$30 or Less","White","Body","Chardonnay","Australia","Yarra Valley","13%","750ml","2024","Yarra Valley",""
"2024 Chatto Intrigue Pinot Noir","Sale price
$90.00","$51 to $100","","Body","Pinot Noir","Australia","Huon Valley","The Wine Front
The Real Review","97
95","13.5%","Huon Valley",""
"2024 Bests Great Western Riesling","Sale price
$25.00","$30 or Less","White","Body","Riesling","","","VIC","High Score","Halliday Wine Companion","Great Western",""
"2023 Vinya Vella Old Bush Vine Grenache","Sale price
$65.00","$51 to $100","","Body","Grenache","Australia","Barossa Valley","High Score","Halliday Wine Companion","96
95","Barossa Valley",""
"2022 Okros Wines Rkatsiteli Zvari","Sale price
$49.00","$41 to $50","","Country","","","","","","","Kakheti",""
"2021 Parker Estate Cool Climate Cabernet Sauvignon","Sale price
$20.00","$30 or Less","","Body","Cabernet Sauvignon","Australia","Coonawarra","Wine Pilot","92","14%","Coonawarra",""
"2022 Vasse Felix Cabernet Sauvignon","Sale price
$44.00","$51 to $100","","Body","Cabernet Sauvignon","Australia","Margaret River","High Score","The Real Review
James Suckling
Halliday Wine Companion","95
94","Margaret River",""
"MV Clover Hill Exceptionnelle","Sale price
$42.00","$41 to $50","Sparkling","Body","","Australia","Tasmania","750ml","Cork","","Tasmania",""
"2023 Stargazer Kura Shiraz Pinot Noir","Sale price
$43.00","$41 to $50","","Body","Shiraz","","","TAS","Women in Wine","Halliday Wine Companion","Tasmania",""
"2023 Babo Chianti","Sale price
$29.00","$31 to $40","","Body","Sangiovese","Italy","Tuscany","750ml","2023","Screw Cap","Tuscany",""
"2023 Mulline Syrah","Sale price
$27.00","$31 to $40","","Body","Shiraz","Australia","Geelong","Halliday Wine Companion","93","750ml","Geelong",""
"2024 Adelina Smith Vineyard Riesling","Sale price
$38.00","$31 to $40","White","Body","Riesling","","","SA","High Score
Organic
Women in Wine","Halliday Wine Companion
The Wine Front
James Suckling","Clare Valley",""
"2023 Savaterre Frere Cadet Chardonnay","Sale price
$70.00","$51 to $100","White","Body","Chardonnay","Australia","Beechworth","Halliday Wine Companion
The Wine Front
Inside Burgundy","95
94","13%","Beechworth",""
"2023 Chateau de L'Aumerade Cote de Provence","Sale price
$33.00","$31 to $40","Rosé","Body","Grenache","France","Provence","2023","Screw Cap","","Provence",""
"2024 Yarra Yering Light Dry Red","Sale price
$79.00","$51 to $100","","Body","Pinot Noir","","","VIC","High Score
Iconic
Women in Wine","750ml","Yarra Valley",""
"2021 The Story Marsanne Roussanne Viognier","Sale price
$29.00","$30 or Less","White","Body","Marsanne","Australia","Grampians","Halliday Wine Companion","95","12.5%","Grampians",""
"NV Jansz Premium Cuvée","Sale price
$25.00","$30 or Less","Sparkling","Country","","","","Cork","","","",""
"2023 Moorooduc Estate Pinot Noir","Sale price
$40.00","$41 to $50","","Body","Pinot Noir","Australia","Mornington Peninsula","The Real Review","93","13.5%","Mornington Peninsula",""
"2022 Yarra Yering Underhill Shiraz","Sale price
$130.00","$101 and Above","","Body","Shiraz","Australia","Yarra Valley","High Score
Iconic
Women in Wine","Halliday Wine Companion
The Real Review","98
95","Yarra Valley",""
"2023 MMAD Grenache","Sale price
$70.00","$51 to $100","","Body","Grenache","Australia","McLaren Vale","High Score","The Wine Advocate
The Real Review
The Wine Front
Wine Pilot
Halliday Wine Companion
James Suckling","97
93
92
91
95","McLaren Vale",""
"2024 Sherrah Fiano","Sale price
$28.00","$30 or Less","White","Body","Fiano","Australia","McLaren Vale","Halliday Wine Companion","95","12%","McLaren Vale",""
"2023 Ashton Hills Piccadilly Valley Chardonnay","Sale price
$39.00","$31 to $40","White","Body","Chardonnay","Australia","Adelaide Hills","The Wine Front
Halliday Wine Companion
The Wine Advocate","95","12%","Adelaide Hills",""
"2025 Oliver's Taranga Small Batch Fiano","Sale price
$24.00","$30 or Less","White","Body","Fiano","Australia","McLaren Vale","Women in Wine
High Score","Halliday Wine Companion","95","McLaren Vale",""
"2024 Voyager Chenin Blanc","Sale price
$27.00","White","Chenin Blanc","Country","Margaret River","","","95
94","750ml","2024","Margaret River",""
"2025 Helm Premium Riesling","Sale price
$55.00","$51 to $100","White","Body","Riesling","Australia","Canberra","The Wine Front","96","11%","Canberra",""
"2023 Jean Foillard Morgon Cote du Py","Sale price
$99.00","$101 and Above","","Body","Gamay","France","Beaujolais","Vinous","94","750ml","Beaujolais",""
"2024 Fighting Gully Road Sangiovese","Sale price
$35.00","$31 to $40","","Body","Sangiovese","Australia","Beechworth","High Score","Halliday Wine Companion","96","Beechworth",""
"2024 Dominique Portet Fontaine Cabernets","Sale price
$28.00","$30 or Less","","Body","Cabernet Sauvignon","","","VIC","Halliday Wine Companion","95","Yarra Valley",""
"2025 Nick Spencer Gundagai Rose","Sale price
$26.00","$30 or Less","Rosé","Body","Grenache","","","NSW","The Wine Front","93","Gundagai",""
"2025 Mercer Wines Bianco Vermentino","Sale price
$29.00","$30 or Less","White","Body","Vermentino","Australia","Hunter Valley","750ml","2025","Screw Cap","Hunter Valley",""
"2023 Express Winemakers Chenin Blanc","Sale price
$33.00","$31 to $40","White","Body","Chenin Blanc","Australia","Great Southern","13%","750ml","2023","Great Southern",""
"2021 Blue Poles Allouran Merlot Cabernet Franc","Sale price
$38.00","$31 to $40","","Body","Merlot","Australia","Margaret River","The Wine Front","94","13%","Margaret River",""